"Year","State","County","Acres_Planted","Acres_Harvested","Yield","Latest","Oldest","Longitude","Latitude","Jan_Tmax","Feb_Tmax","Mar_Tmax","Apr_Tmax","May_Tmax","Jun_Tmax","Jul_Tmax","Aug_Tmax","Sep_Tmax","Oct_Tmax","Nov_Tmax","Dec_Tmax","Jan_Tmin","Feb_Tmin","Mar_Tmin","Apr_Tmin","May_Tmin","Jun_Tmin","Jul_Tmin","Aug_Tmin","Sep_Tmin","Oct_Tmin","Nov_Tmin","Dec_Tmin","Jan_Precip","Feb_Precip","Mar_Precip","Apr_Precip","May_Precip","Jun_Precip","Jul_Precip","Aug_Precip","Sep_Precip","Oct_Precip","Nov_Precip","Dec_Precip","SpaceVar"
1990,"KS","CHEYENNE",8300,8300,929,2005,1990,-101.7311,39.7858,7.94924402236938,5.44217586517334,12.5051908493042,18.3687019348144,21.1489009857178,32.1493453979492,31.4961471557617,31.2033500671387,28.8193759918213,20.4293670654297,13.9649162292481,3.055748462677,-8.02491474151611,-6.29110908508301,-1.34676790237427,3.28768944740295,6.99690818786621,14.4167346954346,16.2482528686523,15.1860618591309,11.7211236953735,3.0310525894165,-2.37701225280762,-10.9510717391968,27.8730125427246,6.44834995269775,47.2910842895508,36.1546783447266,120.704246520996,14.9971284866333,118.904289245605,62.1066055297852,23.6022281646729,48.0664482116699,34.819580078125,1.56786167621613,1
1990,"KS","RAWLINS",2800,2600,1781,2011,1990,-101.0757,39.7852,7.41851758956909,5.46939182281494,12.8966617584228,18.7257328033447,21.3879280090332,32.2057228088379,31.817928314209,31.8768405914307,29.4197769165039,20.5910949707031,13.4304370880127,2.89771103858948,-7.88983678817749,-5.77425146102905,-1.51296615600586,3.38018584251404,6.48396396636963,14.250054359436,15.6491022109985,15.6548910140991,11.551191329956,3.10017776489258,-2.60436701774597,-10.3184728622437,35.5502510070801,5.65350675582886,46.1185646057129,23.9846210479736,182.035736083984,16.4062042236328,77.25390625,69.3532638549805,20.0465965270996,27.2112102508545,29.4432563781738,5.03679370880127,1
1990,"KS","SHERMAN",7000,7000,1057,2012,1990,-101.72,39.3515,7.65845251083374,5.54123592376709,12.2616310119629,18.0055427551269,21.047327041626,32.5194816589355,30.9298095703125,31.4132957458496,28.3179817199707,20.3913173675537,13.7426795959473,2.77035403251648,-7.68494081497192,-6.22452640533447,-1.76301431655884,2.28883504867554,6.47949361801147,14.009765625,15.4388027191162,14.7189245223999,11.7031116485596,2.84540748596191,-2.38089609146118,-11.1047868728638,19.0778522491455,13.2865953445435,41.7529716491699,23.0158977508545,108.975784301758,34.5612487792969,101.536422729492,51.7784843444824,37.2455596923828,24.8651523590088,33.4475479125977,3.762211561203,1
1990,"KS","THOMAS",3000,3000,983,2007,1990,-101.0555,39.3509,7.49758148193359,5.90999746322632,12.9870090484619,18.3924369812012,21.144437789917,32.4028778076172,31.7273941040039,31.5736064910889,28.9527721405029,20.7986736297607,14.9302034378052,2.47492122650146,-8.04080486297607,-6.07661962509155,-1.77377414703369,2.63785099983215,6.80655527114868,15.0925445556641,15.9290933609009,15.8165855407715,11.8411283493042,2.92399048805237,-2.15542912483215,-10.6058673858643,20.2564029693604,13.1829862594604,41.5219955444336,29.2143421173096,152.707275390625,21.7940845489502,83.1430587768555,48.9688453674316,44.3352546691895,13.3494491577148,24.7945537567139,11.1312627792358,1
1990,"KS","WALLACE",900,800,1036,2011,1990,-101.7636,38.9166,7.36132860183716,6.36562824249268,12.9285974502563,18.6258964538574,22.0089473724365,32.9771728515625,31.5631828308106,32.0353393554688,28.8130931854248,21.6796226501465,14.7522478103638,2.90309357643127,-7.34167766571045,-6.09461879730225,-1.49459314346313,2.86093187332153,6.88820505142212,15.3972578048706,16.5828132629394,15.7601795196533,12.4171667098999,3.44193363189697,-1.62637269496918,-11.2252645492554,23.7982997894287,19.2034454345703,35.8708152770996,31.8189086914062,84.354736328125,58.9243202209473,61.2944374084473,33.8187217712402,45.3995895385742,13.0201816558838,34.2333526611328,12.6101961135864,1
1990,"KS","FINNEY",700,700,1286,2011,1990,-100.7369,38.0444,7.40583419799805,6.58683729171753,13.7359457015991,19.3448390960693,21.9085903167725,32.8734397888184,32.3136825561523,32.8856239318848,29.8273029327393,21.9773464202881,16.8705368041992,4.70106601715088,-7.18919801712036,-5.23700523376465,-0.384039729833603,3.81869769096375,7.83406829833984,16.210844039917,17.0231819152832,16.5001220703125,13.4536647796631,3.4754421710968,-0.797180593013763,-10.4037399291992,41.6592140197754,36.9297256469727,29.069860458374,73.7347030639648,135.800643920898,21.8000240325928,81.4231643676758,42.2015571594238,20.3261051177979,2.13542866706848,24.0410957336426,13.2609195709228,1
1990,"KS","STEVENS",700,700,1100,2011,1990,-101.3121,37.1924,9.96822452545166,8.69665050506592,14.1356496810913,21.17724609375,24.3260459899902,34.5792770385742,33.0645217895508,33.3314819335938,29.9813404083252,22.248140335083,18.1448707580566,6.69383716583252,-6.65308856964111,-4.31287240982056,-0.465077608823776,4.0551586151123,8.242506980896,16.1639881134033,17.4336643218994,16.9193630218506,14.4501762390137,4.89557790756226,0.0414597988128662,-9.50877952575684,39.7066764831543,39.0219841003418,15.672529220581,78.7469863891602,102.133773803711,28.2769336700439,137.180099487305,27.1276760101318,63.1865005493164,4.78228759765625,33.3207931518555,6.28224802017212,1
1991,"KS","CHEYENNE",13300,13300,1390,2005,1990,-101.7311,39.7858,3.77129006385803,14.1426734924316,13.4372844696045,17.9400234222412,23.9617977142334,30.3897724151611,31.4215240478516,30.442928314209,27.0368061065674,20.2429447174072,8.05569553375244,7.29579925537109,-10.4167413711548,-5.62225723266602,-1.96545147895813,3.12089800834656,10.0341768264771,15.4961595535278,16.42041015625,15.7982749938965,9.77103900909424,1.8540244102478,-4.85597705841065,-5.71961879730225,3.01151275634766,3.85682678222656,27.5788631439209,42.3984909057617,93.0519180297852,129.542266845703,135.298431396484,77.1362380981445,28.2489643096924,30.5508918762207,39.8988075256348,30.4601097106934,2
1991,"KS","RAWLINS",6400,6300,1510,2011,1990,-101.0757,39.7852,2.97135806083679,14.018816947937,13.6325349807739,18.014102935791,24.1309337615967,30.5162296295166,32.4791069030762,31.0381011962891,27.1780834197998,20.4170684814453,7.55095291137695,6.99658489227295,-10.0869703292847,-5.8422269821167,-2.46496629714966,3.50004005432129,9.98798084259033,15.6411809921265,16.2180080413818,15.6561861038208,9.97975254058838,1.45052945613861,-5.01122045516968,-5.16638088226318,4.3415732383728,3.7935905456543,23.0248069763184,64.5188980102539,124.091613769531,95.2623977661133,67.3001480102539,55.2253112792969,28.525390625,16.7438297271729,46.0969581604004,28.2448291778564,2
1991,"KS","SHERMAN",7800,7400,1050,2012,1990,-101.72,39.3515,2.94035220146179,13.5792694091797,13.0790596008301,17.2865562438965,24.0901908874512,29.8902988433838,31.7019729614258,29.905294418335,26.6480598449707,20.2807846069336,7.76022148132324,6.4188084602356,-10.330924987793,-5.66712331771851,-2.40760278701782,2.28204679489136,9.45350551605225,14.9260129928589,16.0242576599121,15.0736513137817,9.96133041381836,1.78994786739349,-4.63448286056519,-5.25812673568726,5.92918014526367,2.54860949516296,27.1547374725342,29.9044055938721,105.493949890137,129.902297973633,87.9331970214844,77.4729232788086,20.2186603546143,21.5888614654541,37.0062522888184,28.1236267089844,2
1991,"KS","THOMAS",7800,7800,1650,2007,1990,-101.0555,39.3509,2.21493792533875,13.6316261291504,13.2929754257202,18.1815357208252,24.176872253418,30.2528533935547,32.2100868225098,30.4366912841797,27.2324886322021,21.0589771270752,7.61944246292114,6.74069356918335,-9.93607425689697,-5.60428428649902,-2.28033208847046,2.90792870521545,10.0083446502685,15.5700731277466,16.3988876342773,15.4910011291504,9.77797412872314,1.44526481628418,-4.8296537399292,-5.13341093063354,5.76047229766846,2.57855153083801,15.5612745285034,41.6112785339355,104.358863830566,100.727447509766,89.2267608642578,42.7117919921875,19.4135570526123,20.2735691070557,44.9517707824707,25.4157600402832,2
1991,"KS","WALLACE",2200,2200,1000,2011,1990,-101.7636,38.9166,2.48580241203308,13.5507535934448,13.9418659210205,18.0747814178467,24.8734588623047,30.3766918182373,31.8171920776367,30.4503993988037,26.8410873413086,20.8354148864746,7.61942911148071,5.80500888824463,-9.39284515380859,-4.74007797241211,-1.98461103439331,3.04409384727478,10.127140045166,15.5984182357788,16.72243309021,15.9655828475952,10.7196092605591,2.14206433296204,-4.87080526351929,-5.65408325195312,1.11707425117493,1.10494267940521,26.6191158294678,23.783088684082,61.6383209228516,122.787399291992,108.345268249512,75.3564376831055,9.8812313079834,15.0521898269653,48.5482444763184,18.5081768035889,2
1991,"KS","FINNEY",2200,2200,1300,2011,1990,-100.7369,38.0444,3.66679739952087,15.416690826416,15.4838190078735,19.8723831176758,26.4685440063477,31.2261409759521,33.8580856323242,31.8613090515137,27.8971138000488,22.3413715362549,7.35848569869995,7.55226373672485,-9.08965492248535,-4.55357980728149,-1.13609993457794,4.31300830841065,11.2152671813965,16.243631362915,17.581075668335,16.6984958648682,11.7224769592285,2.71139550209045,-4.81227350234985,-4.13538312911987,4.2059965133667,0.336240708827972,25.6694221496582,35.1091499328613,124.196784973145,57.9826393127441,58.8916397094727,80.7715759277344,12.1860055923462,26.0827674865723,48.8592300415039,34.2297859191895,2
1991,"KS","GRANT",700,700,850,2014,1991,-101.308,37.5622,4.70109605789185,16.7367706298828,16.774435043335,20.9768714904785,26.5883083343506,31.1096801757812,32.9001426696777,31.6747226715088,28.169132232666,23.1309432983398,8.71038341522217,8.11826419830322,-7.91862487792969,-4.0929970741272,-1.45760226249695,4.29205656051636,10.6334972381592,16.0543384552002,17.523307800293,16.973762512207,11.6463022232056,3.15608906745911,-4.46511173248291,-4.00594282150269,6.32810831069946,1.32492184638977,24.1530990600586,28.856595993042,78.845100402832,89.9788818359375,89.4486694335938,67.4740600585938,10.4423007965088,28.17799949646,40.4392280578613,25.5914993286133,2
1991,"KS","HAMILTON",800,800,900,2009,1991,-101.7913,37.9991,4.29484033584595,15.7506303787231,15.4807100296021,20.1295547485352,26.4641971588135,31.3305225372314,33.4036636352539,31.8082504272461,27.4251689910889,22.6526927947998,8.74225616455078,7.29055261611938,-8.27988338470459,-4.61139059066772,-1.54672861099243,4.37083625793457,11.038911819458,16.4313793182373,17.9162731170654,17.0493431091309,11.2459030151367,2.40810418128967,-5.02349805831909,-4.92272806167603,5.45142269134521,0.0296311769634485,22.2962493896484,22.0515766143799,59.8733787536621,92.5375671386719,47.2283325195312,71.0735244750977,36.439510345459,17.9291400909424,55.1932716369629,25.4754981994629,2
1991,"KS","STEVENS",2400,2400,1500,2011,1990,-101.3121,37.1924,4.83743953704834,16.2265815734863,16.6027450561523,21.4677772521973,27.19504737854,32.0102005004883,33.5488929748535,32.2990837097168,27.7524757385254,23.3128910064697,10.345383644104,8.37210750579834,-7.95921945571899,-3.37594604492188,-0.31459853053093,4.62058258056641,10.983419418335,15.8978090286255,17.7718467712402,16.9412708282471,11.8024206161499,3.50181007385254,-3.69041991233826,-3.68515419960022,7.54546594619751,1.27144551277161,34.5409698486328,8.99188899993896,102.070640563965,100.673439025879,58.7976951599121,76.9682922363281,12.8584804534912,34.7213897705078,47.8459930419922,31.0709285736084,2
1991,"KS","REPUBLIC",800,500,760,2010,1991,-97.6505,39.8278,0.29257333278656,12.2165231704712,14.8460559844971,19.2294025421143,24.971248626709,30.7673492431641,34.1411514282227,31.4716644287109,27.3178043365479,20.2779788970947,5.3984489440918,6.29411792755127,-11.6754169464111,-4.00201272964478,-0.653271198272705,6.15300989151001,12.6976890563965,18.2668571472168,19.2875537872314,17.3828582763672,12.7610034942627,4.67168235778809,-4.5481653213501,-3.12320399284363,10.7251214981079,2.72547340393066,60.4750823974609,60.3270301818848,80.4738540649414,93.4902267456055,16.3977069854736,46.5465660095215,27.9330406188965,22.0305233001709,70.7658615112305,45.4104919433594,2
1991,"KS","ROOKS",600,500,1220,2011,1991,-99.3251,39.3502,3.00136137008667,14.482382774353,16.1062698364258,20.7181453704834,26.113338470459,32.8802795410156,36.1291122436523,32.5628929138184,28.9538040161133,22.0748176574707,7.26892375946045,7.71167278289795,-10.7366733551025,-4.51461744308472,-1.04999351501465,5.2895131111145,11.529709815979,18.3686599731445,18.6260948181152,17.7060794830322,12.1417608261108,3.23803234100342,-4.5648193359375,-3.22565031051636,4.91043281555176,0.0808108001947403,35.7634391784668,44.820426940918,126.376617431641,30.0320110321045,47.650089263916,67.9480285644531,23.7019863128662,17.4149379730225,48.639030456543,40.1628723144531,2
1991,"KS","NEMAHA",1800,1700,720,2009,1991,-96.0141,39.7835,-0.920180141925812,11.481255531311,15.1880369186401,18.4057769775391,24.8223323822021,29.6832580566406,32.8616180419922,32.191234588623,27.1100540161133,21.2447700500488,6.19738388061523,5.727454662323,-12.2000589370728,-4.44992303848267,-0.0382581017911434,6.06195116043091,13.4743318557739,18.1662979125977,18.3981056213379,16.6456604003906,11.6706886291504,5.07295989990234,-4.840256690979,-3.6576030254364,14.8112068176269,1.04677677154541,72.3480224609375,96.6160278320312,91.5702972412109,52.083553314209,28.3068428039551,23.4686813354492,48.7341728210449,51.593505859375,93.1012878417969,46.026985168457,2
1992,"KS","CHEYENNE",12200,11300,1451,2005,1990,-101.7311,39.7858,4.67734241485596,11.2101135253906,14.6778497695923,19.9997634887695,24.9172077178955,26.0894374847412,29.5135231018066,27.704231262207,27.2466087341309,20.3765659332275,6.89713764190674,1.92394244670868,-7.28914976119995,-2.2536473274231,-0.783410310745239,3.00968718528748,8.11190128326416,12.6884117126465,15.3802070617676,13.968222618103,9.81667613983154,2.91993618011475,-4.65199422836304,-10.5297021865845,30.212532043457,24.0253047943115,38.5503196716309,0.654900908470154,21.0481605529785,89.2011108398438,73.0322036743164,178.020370483398,18.9749145507812,19.4994049072266,14.8798007965088,4.27183151245117,3
1992,"KS","RAWLINS",5400,5300,1543,2011,1990,-101.0757,39.7852,5.02955341339111,11.0421409606934,14.7843933105469,19.7089157104492,25.0966167449951,25.8344116210938,29.4710350036621,27.694299697876,27.4462718963623,20.2491207122803,6.63764381408691,1.57165694236755,-6.13149118423462,-2.44966530799866,-0.776136696338654,3.027996301651,7.40818977355957,12.6671991348267,14.6678647994995,13.3846235275269,9.84000492095947,2.92257905006409,-4.33287811279297,-10.7727422714233,38.4101371765137,29.4136390686035,59.9764213562012,1.48728251457214,27.9114437103271,130.906799316406,78.0945281982422,183.585983276367,17.5202159881592,30.3114585876465,15.9808292388916,6.48118162155151,3
1992,"KS","SHERIDAN",700,600,1350,2005,1992,-100.4418,39.3503,7.44317722320557,11.5664300918579,15.0710859298706,19.580020904541,24.2008724212646,25.8293075561523,29.6517543792725,27.2946605682373,27.179048538208,20.6421127319336,6.56689023971558,1.75899958610535,-5.58018636703491,-2.88060808181763,-0.871596276760101,3.32079982757568,8.40444374084473,12.8029270172119,15.2785444259644,13.2726383209228,10.320592880249,3.61156988143921,-3.80520915985107,-10.649600982666,42.0924263000488,23.853645324707,61.8942222595215,11.8571100234985,30.147798538208,115.85457611084,145.190582275391,174.854690551758,56.8295364379883,43.0440788269043,31.8659915924072,13.6623373031616,3
1992,"KS","SHERMAN",25200,24900,1526,2012,1990,-101.72,39.3515,5.16050577163696,11.1187753677368,14.2886552810669,20.0130310058594,23.8989582061768,25.8418636322021,29.0552768707275,26.8829193115234,26.8575534820557,19.7852993011475,6.07088565826416,0.419707834720612,-6.30249214172363,-2.82316541671753,-1.15151143074036,2.89253640174866,7.58606195449829,11.8390703201294,14.6818141937256,13.2952489852905,9.30073261260986,2.69644236564636,-4.53325033187866,-11.0079774856567,11.8212385177612,15.2922830581665,45.8543968200684,0.752821564674377,35.4020004272461,140.607559204102,109.531562805176,130.236770629883,6.45092630386353,22.9735870361328,14.3449583053589,5.70952272415161,3
1992,"KS","THOMAS",10200,9900,1515,2007,1990,-101.0555,39.3509,6.41319179534912,11.4891834259033,15.4561738967896,19.6322498321533,24.5643348693848,25.7265014648438,29.2430877685547,27.3327140808106,27.0341186523438,20.5526638031006,6.17263126373291,0.733346283435822,-5.64914131164551,-2.74096274375915,-1.20952570438385,2.53214120864868,7.49502038955688,12.1732320785522,14.6941165924072,13.08349609375,9.27545928955078,2.70079445838928,-4.64703989028931,-11.2144546508789,32.4790382385254,25.4294700622559,35.8276977539062,3.32549786567688,41.9793815612793,110.118476867676,167.911849975586,110.014488220215,43.743968963623,31.7903366088867,18.67067527771,13.628867149353,3
1992,"KS","WALLACE",2900,2600,1416,2011,1990,-101.7636,38.9166,6.6424708366394,11.1716594696045,15.7016315460205,20.7633647918701,24.2511463165283,26.1172542572021,30.4043712615967,27.4909858703613,27.8698844909668,20.8721179962158,5.64029169082642,-0.156693130731583,-6.17442560195923,-3.04404973983765,-0.585531055927277,3.12060785293579,8.49868583679199,12.9197034835815,15.4078598022461,13.8780488967896,10.4960021972656,3.05077004432678,-4.73225545883179,-10.7037954330444,17.0228042602539,13.0127687454224,37.6639099121094,0.196205511689186,44.736988067627,98.1279983520508,145.782821655273,78.1847915649414,7.71279287338257,21.6380748748779,39.8752937316895,7.1728367805481,3
1992,"KS","FINNEY",1500,1400,1359,2011,1990,-100.7369,38.0444,9.2563533782959,12.5228624343872,16.6275634765625,21.297966003418,24.6087112426758,26.1559753417969,30.6466903686523,28.1326503753662,28.2784557342529,21.750524520874,7.52003145217896,1.89769077301025,-5.05846166610718,-2.6642918586731,0.226564034819603,4.23183155059815,9.67856025695801,13.1482543945312,16.5502109527588,14.7668132781982,11.5162811279297,4.35236787796021,-4.01433753967285,-9.95313549041748,26.692195892334,16.997371673584,26.9070053100586,2.94232320785523,49.3144149780273,157.807678222656,112.626586914062,104.179626464844,7.79586267471313,9.19425678253174,41.3944473266602,23.1072425842285,3
1992,"KS","STEVENS",800,800,1390,2011,1990,-101.3121,37.1924,10.3013677597046,13.3196935653687,18.1149730682373,21.9562702178955,25.1243915557861,27.7371921539307,32.8141212463379,29.2551021575928,28.8663711547852,23.3854141235352,9.49898529052734,5.07057762145996,-4.72341203689575,-2.43330597877502,0.519665658473969,4.5825572013855,9.93712043762207,12.9216051101685,16.7581901550293,14.7549057006836,12.2620601654053,5.18023681640625,-3.11967039108276,-7.47164630889893,17.6353149414062,5.88790464401245,7.70065832138062,7.2444429397583,27.0903568267822,71.8176345825195,88.375129699707,96.4653244018555,6.94001626968384,1.64057731628418,41.5871315002441,20.8640575408936,3
1992,"KS","OTTAWA",800,700,1174,2010,1992,-97.6503,39.1326,8.5640344619751,11.4112167358398,15.1932010650635,19.6545181274414,23.5982418060303,26.5605335235596,31.4706516265869,28.0186901092529,27.3978691101074,19.9679851531982,6.97151470184326,3.62214875221252,-3.16929078102112,-1.25267446041107,1.64527237415314,5.20029258728027,10.2578392028809,14.7751493453979,17.7500152587891,16.157133102417,13.6446552276611,6.26865673065185,-0.724355518817902,-5.54170417785645,25.9400329589844,19.7052803039551,52.703929901123,32.7985763549805,71.0203170776367,143.021926879883,248.014495849609,87.3715133666992,61.0560111999512,127.175605773926,63.3101463317871,40.3334503173828,3
1993,"KS","CHEYENNE",18000,17400,1496,2005,1990,-101.7311,39.7858,0.337351888418198,1.36414515972137,11.2668027877808,15.3674182891846,22.5453929901123,28.1460475921631,30.0252780914307,29.0647602081299,23.2140388488769,18.4820976257324,8.17305088043213,7.74896478652954,-10.8002595901489,-10.386848449707,-1.86606597900391,1.67019855976105,8.51255321502686,11.7730369567871,15.9062271118164,15.3052988052368,7.3782639503479,2.59606504440308,-6.56761312484741,-6.61014890670776,15.2485485076904,28.2875556945801,15.0045680999756,23.8326454162598,92.8673629760742,35.8973045349121,146.954971313477,92.9662094116211,16.2810554504394,46.3670959472656,28.1557235717773,6.57756185531616,4
1993,"KS","RAWLINS",8600,8300,1457,2011,1990,-101.0757,39.7852,-0.550622701644897,0.329650461673737,10.6740007400513,15.3677196502685,22.6384258270264,28.3648815155029,29.949613571167,28.8540916442871,23.2464599609375,18.2170009613037,8.35987281799316,7.86382675170898,-10.6077489852905,-10.7397432327271,-2.57114672660828,1.85271024703979,7.98535823822021,11.6862688064575,15.6182775497437,14.9906234741211,7.06919622421265,2.50368547439575,-6.56175231933594,-6.55191230773926,19.0652942657471,31.9553489685059,17.3716907501221,27.1115074157715,73.1561126708984,60.0628662109375,239.301025390625,146.157318115234,10.5410814285278,52.3609085083008,27.3353881835938,1.85201907157898,4
1993,"KS","SHERIDAN",1300,1100,1345,2005,1992,-100.4418,39.3503,-0.862188279628754,-0.403721779584885,10.0954446792603,15.2186365127563,22.4777984619141,28.4023532867432,30.101261138916,29.4570598602295,23.1566829681396,18.8870258331299,9.84975051879883,8.58127212524414,-11.1806402206421,-10.3762445449829,-2.41254425048828,1.63431763648987,8.0280294418335,12.6051664352417,15.3367195129394,15.9866752624512,7.85126113891602,3.07906651496887,-5.6036810874939,-5.80535554885864,28.0755710601807,53.9750633239746,45.502384185791,37.110782623291,69.9217300415039,58.1126251220703,285.923309326172,215.167007446289,43.4822425842285,20.4064636230469,19.9939594268799,4.36496877670288,4
1993,"KS","SHERMAN",29500,28500,1585,2012,1990,-101.72,39.3515,-0.391260355710983,0.374642372131348,10.6634540557861,15.3264026641846,21.9156837463379,27.8505363464356,29.7148838043213,28.1936759948731,23.0718154907227,17.9426879882812,7.74665594100952,7.86599588394165,-10.5536613464356,-10.2738599777222,-2.28690576553345,1.25899183750153,7.82764863967896,11.3199167251587,15.5535879135132,14.7693386077881,7.34344911575317,2.42405557632446,-6.07958793640137,-6.83235883712769,10.0032453536987,22.3029403686523,20.2391853332519,14.12855052948,73.3375854492188,38.8115348815918,181.996856689453,201.009017944336,10.8496313095093,56.9155235290527,21.9317111968994,1.2289571762085,4
1993,"KS","THOMAS",8600,8200,1528,2007,1990,-101.0555,39.3509,-1.2639684677124,0.0634335875511169,9.85122871398926,15.1572971343994,22.1403846740723,28.6973361968994,29.9303035736084,29.1689968109131,23.0536670684814,18.4163932800293,8.89833545684814,8.51240158081055,-11.2738103866577,-10.2952365875244,-2.93959617614746,1.32414758205414,7.7921462059021,11.6377544403076,15.5816450119019,15.1312503814697,7.30002212524414,2.8937931060791,-5.97690057754517,-6.80085563659668,25.2896118164062,45.1356468200684,39.8625640869141,22.2847900390625,55.4143981933594,29.1578922271729,207.106918334961,249.846343994141,9.39283561706543,23.1438751220703,24.2249717712402,1.31553196907044,4
1993,"KS","SCOTT",1100,1000,1468,2011,1993,-100.9069,38.4822,-1.27664422988892,0.680752336978912,11.1517553329468,16.2601013183594,23.558629989624,28.7826519012451,31.5596027374268,30.4183940887451,24.642276763916,19.1273365020752,10.537805557251,9.69704341888428,-10.893274307251,-9.07011795043945,-2.08937120437622,1.95793664455414,8.8608341217041,13.3421573638916,16.9716262817383,16.2867412567139,8.06092643737793,3.09469151496887,-5.98358392715454,-6.57114744186401,36.9375076293945,51.0492401123047,47.270580291748,18.6317596435547,57.4461135864258,107.680793762207,141.659591674805,149.296966552734,33.7870140075684,28.6102180480957,12.7200498580933,9.70183753967285,4
1993,"KS","WALLACE",3200,3100,1455,2011,1990,-101.7636,38.9166,-0.508301198482513,0.347456872463226,11.0231313705444,16.3522548675537,22.5104084014893,28.9552955627441,31.1059551239014,29.1902637481689,24.7221431732178,18.5492076873779,8.39320659637451,8.49401473999023,-10.1675529479981,-9.14458084106445,-1.88210248947144,1.7995730638504,8.35054588317871,13.0389680862427,16.1804466247559,15.3880271911621,8.08378314971924,3.03114175796509,-6.14087152481079,-6.62788391113281,18.2253971099854,33.8093757629395,32.1660194396973,20.7793159484863,73.7606735229492,46.5157356262207,127.95085144043,176.415130615234,3.40657305717468,47.5976181030273,18.8105449676514,3.0956494808197,4
1993,"KS","FINNEY",2500,2400,1325,2011,1990,-100.7369,38.0444,-0.508367955684662,2.17006587982178,11.7932481765747,16.6912746429443,23.6278305053711,28.2928295135498,31.4241886138916,30.8505306243896,25.1776504516602,18.7989883422852,10.5997886657715,9.44634819030762,-9.627685546875,-7.82732772827148,-1.14193296432495,2.23770332336426,9.400315284729,13.9134740829468,17.5978240966797,16.6411724090576,9.26359462738037,3.46212553977966,-4.90957736968994,-5.59174108505249,30.9264488220215,54.8345947265625,58.0777053833008,34.7891426086426,81.4265365600586,101.921684265137,92.5328903198242,85.3142547607422,68.9029541015625,41.6429710388184,12.3607425689697,15.3971500396728,4
1993,"KS","GRANT",1200,1200,1330,2014,1991,-101.308,37.5622,1.12763428688049,4.45425319671631,13.0418577194214,18.11474609375,24.7113361358643,29.8576679229736,33.1131782531738,32.3510627746582,26.4840526580811,19.9094715118408,11.2803068161011,10.7982997894287,-9.51281356811523,-6.9719443321228,-0.648144423961639,2.79378461837769,9.68994808197021,14.009973526001,18.2859439849854,16.7470474243164,9.56732845306396,3.38380169868469,-5.15125417709351,-5.70031452178955,27.6118297576904,44.452938079834,48.2849540710449,27.4266910552979,60.5426445007324,92.0293350219727,79.9181900024414,115.399978637695,36.2150917053223,29.9140758514404,12.4432897567749,19.676721572876,4
1993,"KS","STEVENS",2700,2600,1351,2011,1990,-101.3121,37.1924,2.49387335777283,6.42591857910156,13.775351524353,18.8247051239014,24.9825325012207,30.3083763122559,33.7283210754395,33.0005264282227,26.8693046569824,20.2788715362549,11.573766708374,10.5063533782959,-8.23450183868408,-6.51473522186279,-0.518203914165497,3.00246691703796,10.0521183013916,14.0663166046143,18.2687034606934,17.2094860076904,10.0916414260864,4.04031324386597,-4.19054508209229,-4.97394704818726,26.5468120574951,36.9699058532715,61.0093574523926,20.0545158386231,58.6161727905273,103.344039916992,71.5817337036133,62.2191047668457,19.4322910308838,24.9536533355713,14.4689626693726,19.4508228302002,4
1993,"KS","OSBORNE",1100,1000,1190,2011,1993,-98.7679,39.3504,-0.944963693618774,0.196786031126976,9.91144561767578,16.1168270111084,23.0120410919189,28.4935569763184,30.7441062927246,30.6048183441162,23.8894729614258,19.2265243530273,10.4996671676636,8.10303497314453,-10.5813322067261,-9.13221836090088,-1.31112098693848,3.64671683311462,10.428074836731,14.3182945251465,18.5140247344971,18.3478183746338,9.60047721862793,4.66713857650757,-3.92194557189941,-4.53079557418823,38.3516006469727,64.4680709838867,54.9156265258789,37.54150390625,102.722244262695,153.163604736328,433.6015625,161.353805541992,68.3078079223633,27.4828376770019,12.2734851837158,37.5536079406738,4
1993,"KS","OTTAWA",700,700,1111,2010,1992,-97.6503,39.1326,-0.315920919179916,1.24157249927521,9.96922397613525,15.9617366790772,22.5306892395019,28.6455001831055,31.1494941711426,30.8196201324463,24.4313564300537,18.9716854095459,10.8097238540649,7.40257167816162,-9.33487796783447,-7.6948881149292,-0.99601686000824,4.25744485855103,11.4616870880127,16.1819725036621,19.8227577209473,19.0039825439453,10.5372190475464,5.54566049575806,-2.74793362617493,-3.94158244132996,41.6641883850098,37.1332511901855,70.0025405883789,55.6458053588867,176.534255981445,153.704208374023,394.174377441406,158.046585083008,102.495338439941,39.2842979431152,22.3527660369873,29.7940654754639,4
1993,"KS","SMITH",1400,1300,1272,2011,1993,-98.7855,39.7851,-1.8095588684082,-0.891138136386871,8.56984615325928,15.2697696685791,22.4319190979004,27.8291435241699,29.9780521392822,29.7484931945801,23.7303600311279,18.4800395965576,9.86089324951172,7.17158842086792,-11.9436063766479,-10.1572494506836,-2.3263783454895,2.91221570968628,9.6370677947998,14.2089214324951,17.8429679870606,17.5316925048828,8.69332885742188,3.7600417137146,-4.99579286575317,-5.87767696380615,36.3306579589844,47.9240303039551,54.0728034973145,50.6827812194824,104.227012634277,130.633193969727,316.355682373047,135.190414428711,85.5222930908203,33.5109100341797,23.1940097808838,20.6397037506104,4
1993,"KS","MCPHERSON",1000,1000,1090,2017,1993,-97.648,38.3916,0.733488798141479,3.06380438804627,10.2178220748901,15.6973381042481,21.8106632232666,28.1842956542969,31.8527603149414,32.0237083435059,25.6461238861084,19.4860496520996,11.3617248535156,8.22554588317871,-7.9856653213501,-6.55298662185669,-0.546435058116913,4.76842975616455,11.7334251403809,16.6267929077148,20.1896667480469,19.1360397338867,11.1014995574951,5.85362005233765,-2.37142968177795,-3.55317950248718,36.1702690124512,66.1088714599609,65.7403869628906,50.3035621643066,217.935745239258,214.706359863281,316.055389404297,95.0889282226562,70.1204071044922,19.7720127105713,31.6105136871338,14.9174757003784,4
1994,"KS","CHEYENNE",24200,23100,1307,2005,1990,-101.7311,39.7858,6.11679935455322,3.77242541313171,15.8296146392822,18.5906925201416,26.2851791381836,32.4137001037598,31.9771575927734,33.105354309082,28.6862831115723,19.9868297576904,9.99434852600098,7.89552307128906,-8.60796737670898,-10.7314491271973,-1.94663023948669,2.10856199264526,10.0408086776733,14.9561243057251,14.7277364730835,15.9145555496216,10.375036239624,4.32105493545532,-3.29252457618713,-5.55344724655151,25.4906311035156,8.03928279876709,1.55441772937775,67.2097320556641,15.8366184234619,76.4549407958984,80.4179000854492,26.409631729126,9.80856323242188,50.5194358825684,25.8261299133301,19.591121673584,5
1994,"KS","RAWLINS",13800,13200,1606,2011,1990,-101.0757,39.7852,5.61255264282227,2.93400168418884,16.0123043060303,18.5413055419922,26.3275127410889,31.8876628875732,31.0210132598877,32.6158828735352,27.6306591033936,20.0443725585938,10.2389335632324,7.19285583496094,-9.21819877624512,-10.9136428833008,-1.88461685180664,2.02334880828857,9.51095676422119,15.0490875244141,14.5566759109497,15.9778337478638,10.4916019439697,4.48176431655884,-2.87268567085266,-5.46562814712524,28.2519359588623,6.81971263885498,1.56211423873901,93.7470397949219,16.6171264648438,124.338249206543,89.2425537109375,56.4690628051758,36.1852798461914,46.1705017089844,35.6347465515137,28.0262565612793,5
1994,"KS","SHERIDAN",1800,1700,1235,2005,1992,-100.4418,39.3503,5.33149433135986,3.24018478393555,16.7833251953125,18.4193572998047,25.5723743438721,31.7465877532959,31.1479587554932,32.4953422546387,28.1199035644531,20.7855968475342,11.80921459198,8.26410102844238,-9.78714179992676,-10.9996662139893,-1.69281768798828,2.04920959472656,9.38106822967529,15.5064268112183,14.5079965591431,15.9421491622925,10.982702255249,5.05523586273193,-2.10687828063965,-5.34694337844849,19.9654102325439,12.6980752944946,1.51778864860535,82.4424133300781,20.8259716033936,100.45783996582,124.553909301758,37.4477615356445,26.8351249694824,36.9668655395508,38.0074119567871,18.8259963989258,5
1994,"KS","SHERMAN",44600,42500,1456,2012,1990,-101.72,39.3515,5.67281007766724,3.7049503326416,15.5758390426636,17.212797164917,25.0127391815186,31.3529834747314,31.1460456848144,32.0008811950684,28.2322101593018,19.4799652099609,8.88380432128906,6.67487668991089,-9.339524269104,-10.3214778900147,-2.52786779403686,1.49208319187164,9.33636379241943,14.505331993103,14.0239543914795,15.2699613571167,9.97105026245117,3.56069755554199,-4.11855936050415,-5.2454400062561,12.1661777496338,2.82964062690735,6.17484855651855,77.9742431640625,34.1514549255371,55.6819305419922,71.646354675293,35.3308410644531,11.0844984054565,48.9102668762207,32.6248626708984,11.5860719680786,5
1994,"KS","THOMAS",12600,12300,1407,2007,1990,-101.0555,39.3509,6.42336463928223,3.88405871391296,16.1954097747803,18.1365127563477,25.4700374603271,31.8182468414307,31.1963863372803,32.7578048706055,27.9657382965088,20.1356353759766,10.3497257232666,7.42028903961182,-9.79095554351807,-10.810754776001,-2.15813016891479,1.80146086215973,9.53784370422363,14.6640605926514,14.4479942321777,15.7856531143188,10.5134525299072,4.02566576004028,-2.98723101615906,-5.16893768310547,12.1512823104858,7.48959541320801,2.77470707893372,83.7259750366211,20.1097049713135,98.4065475463867,136.988143920898,29.2086372375488,25.0655002593994,52.8052139282227,41.3436584472656,17.1902866363525,5
1994,"KS","SCOTT",500,400,1250,2011,1993,-100.9069,38.4822,7.03340339660645,5.4045615196228,17.4173412322998,18.743616104126,25.5093269348144,32.8440170288086,32.589038848877,33.1646690368652,28.3905715942383,21.3843975067139,12.3281202316284,9.27063083648682,-9.67259883880615,-9.90671443939209,-1.72246861457825,2.0234043598175,9.97198677062988,15.9662771224976,15.4730348587036,15.9705877304077,10.5006017684937,4.77734804153442,-2.74148535728455,-5.47325325012207,15.9017019271851,9.89220523834229,1.1335620880127,55.070629119873,43.5541229248047,82.7802276611328,94.4155731201172,22.4703273773193,32.1613655090332,43.2742652893066,30.5464878082275,16.6143016815186,5
1994,"KS","WALLACE",9000,8800,1295,2011,1990,-101.7636,38.9166,6.68210411071777,6.3279857635498,16.1046199798584,18.5085144042969,25.2912864685059,32.5589828491211,31.9521369934082,32.6439476013184,28.2192478179932,20.1095752716064,9.9104700088501,7.01070642471313,-9.22754096984863,-9.5973424911499,-2.01750802993774,2.19608879089356,10.095136642456,15.6613912582397,15.1896657943726,16.2638111114502,10.5538511276245,3.89915585517883,-3.14584636688232,-4.8756799697876,12.3013906478882,3.75138378143311,8.5531644821167,87.4321975708008,55.4576644897461,45.9178924560547,79.352165222168,27.016393661499,4.52302646636963,45.3042297363281,28.1394462585449,14.2540731430054,5
1994,"KS","FINNEY",3900,3800,1342,2011,1990,-100.7369,38.0444,6.97834157943726,6.26467847824097,16.9455699920654,18.9362201690674,25.2889766693115,33.0500793457031,32.6803817749023,33.0900192260742,27.8044948577881,21.1130084991455,12.8849573135376,9.45703887939453,-9.04930591583252,-8.80704975128174,-0.876475214958191,3.0425717830658,10.8558120727539,16.6874847412109,16.0540828704834,16.3790988922119,11.3436279296875,5.53713750839233,-1.8666524887085,-4.86345529556274,12.2005310058594,5.85174703598022,2.96545028686523,62.5780792236328,43.5884666442871,73.8463363647461,92.1136322021484,60.5215606689453,29.9873313903809,27.8244857788086,24.4769897460938,16.29123878479,5
1994,"KS","GRANT",1500,1400,1357,2014,1991,-101.308,37.5622,8.46214866638184,8.61795234680176,17.7977771759033,20.1435794830322,26.3199062347412,34.3616485595703,33.2751770019531,33.1027755737305,27.9585018157959,22.2599029541016,13.6113119125366,11.497462272644,-8.76340293884277,-8.74231719970703,-0.893575966358185,3.06436133384705,11.2925758361816,16.7992210388184,16.6613273620606,16.9158573150635,11.3637495040894,5.49177169799805,-1.54595220088959,-4.70592546463013,13.2487316131592,3.54418349266052,6.5646767616272,47.8192596435547,21.1979064941406,88.966911315918,72.5451049804688,130.33154296875,19.8383560180664,34.4254608154297,18.8759784698486,9.58537483215332,5
1994,"KS","STEVENS",6300,6200,1500,2011,1990,-101.3121,37.1924,8.71673202514648,8.64376449584961,17.3381633758545,20.6376247406006,26.2109184265137,34.5916633605957,33.8407249450684,33.4063835144043,28.3375968933106,22.1541366577148,13.8203125,11.2864818572998,-7.71679210662842,-7.93242120742798,-0.484246671199799,3.6282217502594,11.1596012115478,17.4517307281494,17.0648097991943,17.2842922210693,11.586350440979,6.41195392608643,-1.30138504505157,-3.6093053817749,11.698338508606,0.513280808925629,11.5410213470459,69.709831237793,33.2683486938477,56.4659080505371,115.384384155273,155.537033081055,29.5686874389648,20.0412750244141,19.7724514007568,11.9286575317383,5
1994,"KS","CLOUD",2200,2100,1381,2012,1994,-97.6495,39.4804,1.28163266181946,3.42485761642456,15.336895942688,18.4195137023926,25.319730758667,30.5885200500488,29.6908416748047,30.6642246246338,27.403263092041,20.2310886383057,12.04465675354,5.6885290145874,-9.11581325531006,-8.9360876083374,-0.0526122897863388,4.39351081848145,11.4324188232422,18.0200157165527,17.1449813842773,17.8606624603271,12.9843492507935,7.20653009414673,0.952720701694489,-4.17052698135376,22.9404582977295,18.278528213501,3.06285667419434,54.9415740966797,37.0552787780762,112.425605773926,117.568450927734,34.1252975463867,22.6665058135986,47.7704772949219,34.6551055908203,35.7937698364258,5
1994,"KS","JEWELL",1000,900,1889,2012,1994,-98.2184,39.7847,0.706609606742859,2.15449571609497,14.774037361145,18.0196342468262,24.8094940185547,30.9534873962402,29.7366733551025,30.9080333709717,26.89768409729,20.2219142913818,11.7627716064453,5.45406246185303,-9.85615062713623,-10.2124090194702,-1.22993266582489,3.08422875404358,10.8005313873291,17.3918209075928,16.7328071594238,16.8260746002197,11.8855638504028,6.29032278060913,-0.280029743909836,-5.19886493682861,24.5183486938477,22.2124462127686,2.18347215652466,80.6944274902344,33.9121055603027,91.2901458740234,139.009063720703,21.0028553009033,31.6869010925293,39.0146064758301,53.9259834289551,29.8339138031006,5
1994,"KS","MITCHELL",2600,2500,1480,2011,1994,-98.2095,39.3933,1.91945290565491,3.86082601547241,15.8113622665405,18.6147270202637,25.5163974761963,31.9540309906006,30.5917682647705,31.8619422912598,27.7382183074951,21.0211372375488,12.4140167236328,6.27895832061768,-9.10722541809082,-9.22939777374268,-0.550132036209106,3.30426788330078,10.8784828186035,17.7383441925049,17.1788444519043,17.7737770080566,12.5895280838013,6.86265325546265,0.266675502061844,-4.41141939163208,28.3595218658447,19.4564208984375,2.82064032554627,61.6208572387695,41.0532684326172,91.5128555297852,173.520614624023,29.0622577667236,25.4175090789795,26.5544319152832,44.508373260498,32.4979286193848,5
1994,"KS","OSBORNE",3400,3300,1364,2011,1993,-98.7679,39.3504,3.34509563446045,3.78565120697021,16.6050510406494,19.3841857910156,25.8611640930176,32.2753028869629,30.8449077606201,32.3865547180176,28.2815475463867,21.5650367736816,12.6256818771362,6.95423460006714,-8.869140625,-9.80377769470215,-1.06378090381622,3.01133823394775,10.7545022964478,17.5165405273438,16.5248413085938,17.413049697876,11.7212238311768,6.11376667022705,-0.367839425802231,-4.53396606445312,21.7733097076416,21.879056930542,4.08199739456177,79.3593521118164,28.685998916626,84.7919311523438,182.259307861328,37.7380447387695,14.8644542694092,26.8406467437744,56.2464332580566,27.7334499359131,5
1994,"KS","OTTAWA",5300,5200,1462,2010,1992,-97.6503,39.1326,2.4294011592865,5.4068808555603,16.6812763214111,19.6708641052246,25.7497844696045,32.2527885437012,31.0990600585938,32.294490814209,28.0778369903564,21.1514015197754,12.6803579330444,6.642897605896,-8.44428062438965,-8.0094747543335,0.645272433757782,4.65680027008057,11.2568645477295,18.1554298400879,17.7186470031738,18.5168151855469,13.0648689270019,7.67361736297607,1.07258200645447,-3.88421201705933,26.2716331481934,18.2294673919678,5.28766918182373,67.6733703613281,54.949634552002,92.3996200561523,159.494644165039,18.9184093475342,16.923131942749,47.3740768432617,25.2255668640137,32.5141372680664,5
1994,"KS","ROOKS",1400,1300,1308,2011,1991,-99.3251,39.3502,4.52965116500854,3.48179578781128,17.4021759033203,19.997091293335,26.0926189422607,32.525562286377,31.4523506164551,32.7913284301758,28.9758777618408,21.8163013458252,12.769003868103,7.67682886123657,-8.90169715881348,-10.2203140258789,-0.744417726993561,2.90359210968018,10.5894508361816,17.3168125152588,16.3561344146729,17.4720001220703,12.0686407089233,6.16920518875122,-0.765389561653137,-5.06986045837402,24.1965427398682,17.3876705169678,0.765647828578949,80.4553070068359,48.4801559448242,72.47900390625,146.81526184082,35.8244285583496,16.8808040618896,21.1750888824463,54.9930305480957,14.1154775619507,5
1994,"KS","SMITH",2500,2400,1667,2011,1993,-98.7855,39.7851,1.55397498607635,1.83666181564331,15.7260599136353,19.1706562042236,25.5700397491455,31.7275943756104,30.6346931457519,31.5448570251465,27.6510162353516,20.4689216613769,12.0542602539062,5.53729629516602,-10.4396276473999,-10.9801378250122,-1.5844179391861,2.83326601982117,10.2350215911865,16.9627990722656,16.2695980072021,16.7553787231445,11.4808082580566,5.65495920181274,-0.842334806919098,-5.85714530944824,21.3745079040527,20.6433906555176,0.846051752567291,98.6601409912109,33.1692962646484,93.4751358032227,113.76407623291,33.7915458679199,9.43082523345947,28.406925201416,48.4390907287598,23.1404609680176,5
1994,"KS","MCPHERSON",1300,1100,1455,2017,1993,-97.648,38.3916,3.75194811820984,7.23261022567749,16.8484935760498,20.0131397247314,26.0676727294922,32.6349411010742,31.6971797943115,32.9082260131836,27.864387512207,21.4794826507568,12.8566408157349,7.36879348754883,-7.4202094078064,-6.94517660140991,1.08162939548492,5.50212430953979,11.3681955337524,18.5792789459229,18.0617618560791,18.6446056365967,13.6197519302368,8.30624866485596,1.74793946743011,-2.99752902984619,19.3206481933594,23.6773147583008,3.4915726184845,88.7769165039062,18.6736869812012,55.0849914550781,141.004348754883,11.4466028213501,14.815752029419,60.0854988098145,45.7246589660645,38.1905479431152,5
1994,"KS","SALINE",2500,2300,1217,2013,1994,-97.65,38.7839,3.6224000453949,6.51435852050781,17.1225414276123,19.8093490600586,26.6807918548584,33.0799522399902,31.8549098968506,33.1499633789062,28.7044334411621,21.7186832427979,13.046480178833,7.53098297119141,-7.63176393508911,-7.45020341873169,1.42563939094544,4.84553623199463,11.2253913879394,18.4275512695312,18.1224975585938,18.5178375244141,13.3966941833496,8.23840713500977,1.48474037647247,-3.38796663284302,25.9501667022705,25.1149559020996,5.34646558761597,81.6445388793945,26.2388591766357,50.8312301635742,178.587020874023,16.4167556762695,33.3727912902832,50.9476661682129,26.1729354858398,37.2559928894043,5
1994,"KS","NEMAHA",3400,3200,1313,2009,1991,-96.0141,39.7835,0.158059373497963,3.52006602287292,14.7296380996704,18.9654541015625,24.6018962860107,29.5920372009277,29.7723236083984,30.4015998840332,26.0652103424072,19.5235023498535,11.559910774231,5.68837785720825,-10.9443674087524,-9.98310279846191,-1.18033266067505,3.65115904808044,10.2396593093872,17.4029102325439,16.6080837249756,16.2391033172607,11.8043527603149,6.50779151916504,0.503882586956024,-4.67509603500366,8.96550846099854,14.462779045105,11.5812330245972,97.7116775512695,61.3948249816895,59.1820678710938,121.868713378906,71.9502792358398,40.284496307373,107.733978271484,30.864595413208,35.1889152526855,5
1995,"KS","CHEYENNE",20700,20300,926,2005,1990,-101.7311,39.7858,6.76710081100464,11.3836364746094,11.8092031478882,14.8264837265015,17.0795001983643,27.5222816467285,32.4245529174805,34.5494804382324,26.0009326934814,18.9892673492432,13.878888130188,8.42770862579346,-7.5313458442688,-4.20789957046509,-3.02146291732788,0.313300222158432,6.33720111846924,12.1624488830566,15.3058280944824,16.9114379882812,9.83065509796143,1.69229531288147,-3.29368114471436,-8.09786128997803,18.3212852478027,7.60289335250854,26.965482711792,83.9021224975586,128.442092895508,71.1457901000977,120.192314147949,15.409384727478,37.3965263366699,29.9654960632324,9.87737464904785,0.674321234226227,6
1995,"KS","RAWLINS",11900,11600,922,2011,1990,-101.0757,39.7852,5.96530246734619,11.2908525466919,11.1626539230347,15.0529146194458,17.2144355773926,27.7009353637695,32.2751083374023,35.0051002502441,25.7908554077148,19.6635627746582,14.3886137008667,8.19940185546875,-7.66006469726562,-4.52314376831055,-3.35862636566162,0.103404738008976,5.84371900558472,12.2435922622681,15.4280824661255,17.2540645599365,9.61083030700684,1.98908126354218,-3.33436942100525,-8.3886890411377,17.3402423858643,3.37711477279663,30.1852245330811,78.5467834472656,135.516738891602,84.9035034179688,72.0669479370117,32.2804374694824,46.326961517334,27.0522727966309,6.30778217315674,0.0290472228080034,6
1995,"KS","SHERIDAN",2500,2400,917,2005,1992,-100.4418,39.3503,6.68353509902954,11.5779161453247,11.5366697311401,15.7243309020996,17.5954895019531,27.6321182250977,32.639476776123,34.218391418457,25.7475166320801,20.6702175140381,14.5893926620483,7.49189805984497,-7.38353538513184,-4.15600538253784,-2.93222999572754,0.665017247200012,5.47706270217896,12.3204889297485,16.1106472015381,18.173469543457,9.86301803588867,2.42939472198486,-3.79300856590271,-7.38418006896973,18.3437881469727,4.36285161972046,50.1093254089355,53.8223533630371,246.799224853516,75.3418045043945,101.381217956543,11.9974460601807,46.7544784545898,10.2681703567505,7.93120336532593,0.0268038865178824,6
1995,"KS","SHERMAN",34500,33700,992,2012,1990,-101.72,39.3515,6.70008611679077,10.1795921325684,11.6536130905151,14.3564739227295,16.6981544494629,26.5628223419189,31.4333763122559,33.5238304138184,25.2272567749023,19.1056671142578,14.2606611251831,8.09843826293945,-7.20321559906006,-4.87320184707642,-3.11963963508606,-0.0613206103444099,5.75591135025024,11.7460355758667,15.1396484375,16.7969512939453,9.23797416687012,2.03463506698608,-3.07301115989685,-8.05179023742676,10.5503664016724,6.7090744972229,27.5471611022949,61.6612510681152,127.448669433594,87.3143844604492,95.7234115600586,22.6375637054443,39.4406700134277,17.9069232940674,7.24263048171997,2.2688729763031,6
1995,"KS","THOMAS",14500,14200,979,2007,1990,-101.0555,39.3509,6.37236070632935,11.3442640304565,10.9501953125,15.0924797058106,16.8901081085205,27.0085487365723,32.2922248840332,34.4622192382812,25.5171928405762,19.9557495117188,14.2375984191894,8.02362823486328,-7.31018543243408,-4.49396419525146,-3.36741662025452,-0.149610847234726,5.49913740158081,11.9938354492188,15.1175670623779,17.0127220153809,9.57615184783936,1.77571940422058,-3.36487746238708,-8.51673603057861,14.7883157730103,6.03454971313477,32.8116226196289,60.3255805969238,188.320098876953,65.1532135009766,99.6717147827148,19.1435012817383,34.3342399597168,14.0623331069946,4.49870538711548,0.905337035655975,6
1995,"KS","WALLACE",8700,8400,964,2011,1990,-101.7636,38.9166,6.64455938339233,10.4292612075806,11.693699836731,15.7669124603272,17.4365329742432,27.4091701507568,32.145092010498,34.5755844116211,25.3653545379639,20.3963947296143,15.3664207458496,7.95805501937866,-6.984290599823,-4.93853187561035,-2.50551772117615,0.518389105796814,6.42144632339478,12.3772964477539,15.4852142333984,17.7275524139404,9.90243721008301,1.90042674541473,-2.75889706611633,-7.69211959838867,8.30611324310303,12.7793874740601,25.8353252410889,69.9279479980469,161.146484375,100.14102935791,99.0078201293945,9.64340400695801,38.077449798584,6.38369655609131,4.77965784072876,0.0679726004600525,6
1996,"KS","CHEYENNE",13800,13700,1620,2005,1990,-101.7311,39.7858,4.41261720657349,10.4581270217896,9.93862438201904,19.6644115447998,21.6405124664307,29.5418758392334,30.9993724822998,29.7017498016357,23.6534843444824,20.1747150421143,9.0628833770752,7.74978637695312,-11.0424880981445,-8.26382637023926,-5.90727424621582,0.969582915306091,9.12592124938965,13.8371267318726,16.6970138549805,15.6262702941894,9.91614151000977,2.51887989044189,-5.5701060295105,-9.13095474243164,15.278115272522,2.88365530967712,11.1071605682373,28.8097457885742,145.992004394531,53.632568359375,96.0770645141602,89.4123229980469,59.1004257202148,2.09775638580322,3.20177531242371,1.00207567214966,7
1996,"KS","RAWLINS",10600,10400,769,2011,1990,-101.0757,39.7852,4.79503536224365,10.7937660217285,10.5166330337524,20.2678813934326,21.5052642822266,29.5061721801758,30.9541664123535,29.4261894226074,23.2620639801025,20.5280532836914,8.83520221710205,6.66887044906616,-11.5867309570312,-8.24836921691895,-6.87181091308594,0.981901049613953,8.55810070037842,13.6925468444824,16.5008049011231,15.5832853317261,10.1864175796509,2.97223234176636,-4.87708711624146,-9.65850639343262,9.31138324737549,2.32072424888611,11.1526174545288,36.7242851257324,117.286506652832,104.004692077637,112.004287719727,165.838241577148,60.1781692504883,2.33242416381836,10.3863296508789,4.48684167861938,7
1996,"KS","SHERMAN",38000,36500,1374,2012,1990,-101.72,39.3515,4.27123498916626,10.2585802078247,10.4710512161255,19.443567276001,21.768928527832,29.4612083435059,30.3590431213379,28.5017280578613,23.4351863861084,19.8664703369141,9.22083950042725,8.32586860656738,-11.3057270050049,-8.05865955352783,-6.81356525421143,0.413240730762482,8.67085266113281,13.2678508758545,16.1187210083008,15.1325445175171,9.55205631256104,2.62236428260803,-5.57211589813232,-8.96577644348145,9.79892444610596,1.45549368858337,7.17351055145264,28.983268737793,123.407775878906,41.5564994812012,142.135696411133,87.3671646118164,27.9730968475342,9.60806083679199,3.9959511756897,1.05468773841858,7
1996,"KS","THOMAS",12800,12500,1152,2007,1990,-101.0555,39.3509,4.62511301040649,10.7219676971435,10.4405889511108,20.2404518127441,21.9223518371582,29.5071296691894,30.7301712036133,28.4074554443359,23.0306491851807,20.5708560943604,8.76074695587158,7.85283851623535,-11.8369493484497,-7.99550151824951,-7.42307376861572,0.163899511098862,8.12475299835205,13.4144592285156,16.4272842407227,15.0385522842407,9.86100482940674,3.18318629264831,-5.09764814376831,-9.30222320556641,5.87260293960571,2.45041298866272,5.78846263885498,27.6926212310791,94.3263778686523,148.728118896484,109.033317565918,97.9626388549805,95.3298950195312,2.56689310073852,10.4402494430542,0.611249804496765,7
1996,"KS","WALLACE",13000,12500,1612,2011,1990,-101.7636,38.9166,6.00500345230103,11.1838340759277,11.7092323303223,20.5465660095215,23.1499710083008,30.1077537536621,31.1810340881348,29.1868896484375,23.8344898223877,20.9793262481689,9.36783790588379,8.64955425262451,-11.1689672470093,-7.45754051208496,-6.517418384552,1.60726726055145,9.48801517486572,14.320460319519,16.7470836639404,15.9066038131714,10.4897584915161,3.46766328811646,-5.08010292053223,-8.37524604797363,6.77691650390625,0.679744064807892,11.8737411499023,19.855110168457,94.6677856445312,71.8768081665039,84.847297668457,85.0599746704102,79.8099136352539,1.39876067638397,5.85074329376221,1.20185506343842,7
1997,"KS","CHEYENNE",12600,12200,1082,2005,1990,-101.7311,39.7858,4.78608894348145,6.52863502502441,15.830060005188,14.3547916412353,23.238073348999,29.4682235717773,33.0518074035645,29.9898796081543,27.4021968841553,19.1660137176514,9.90474605560303,4.23885250091553,-10.4255018234253,-7.19673728942871,-2.27709197998047,-0.460320800542831,6.89666223526001,13.6579208374023,16.5631713867188,15.8614463806152,11.6294002532959,3.30595183372498,-3.84387850761414,-5.77390098571777,4.17842674255371,18.5277881622314,0.14500617980957,15.2404518127441,30.1057434082031,66.7771911621094,67.8415145874023,90.2555847167969,47.7124786376953,60.613582611084,8.57214450836182,14.890157699585,8
1997,"KS","RAWLINS",9500,9300,1161,2011,1990,-101.0757,39.7852,4.90777015686035,6.60406255722046,15.8235960006714,15.5775966644287,22.9568557739258,29.7252082824707,33.5919952392578,30.3587989807129,27.6990013122559,19.3396224975586,10.080436706543,4.02640581130981,-10.1649446487427,-6.86289548873901,-3.21761608123779,-0.660688757896423,5.73240423202515,13.3814840316772,15.9488077163696,15.8963680267334,11.986382484436,3.55266880989075,-3.88603568077087,-5.22729301452637,2.06447291374206,24.3896217346191,0.10624011605978,17.6552791595459,37.8966903686523,92.7451705932617,33.2348175048828,96.0098037719727,49.993293762207,83.3321685791016,12.892689704895,14.086051940918,8
1997,"KS","SHERMAN",39000,37600,1246,2012,1990,-101.72,39.3515,4.71509504318237,6.32907104492188,15.4299345016479,14.2182369232178,22.6593475341797,28.7316169738769,32.2998962402344,28.8339939117432,26.7121334075928,18.3628101348877,8.91456031799316,2.68322491645813,-10.0780248641968,-7.77498245239258,-2.8435628414154,-1.19220745563507,5.88904428482056,13.091046333313,15.6999673843384,15.1490535736084,11.4395027160644,3.13116240501404,-4.11610317230225,-5.76281881332397,4.48823976516724,21.9341430664062,0,21.0991401672363,42.8150177001953,54.7020568847656,74.450813293457,122.481857299805,20.3648490905762,67.0148773193359,14.3271617889404,14.5469655990601,8
1997,"KS","THOMAS",6100,5900,1458,2007,1990,-101.0555,39.3509,5.35145807266235,6.66092252731323,15.6298236846924,15.0720558166504,22.7733688354492,29.171838760376,33.1297225952148,29.5424251556396,27.4564914703369,19.2099609375,9.49001693725586,3.49197816848755,-10.478009223938,-7.50778818130493,-2.7630763053894,-0.93340277671814,5.67466497421265,12.9888029098511,15.7203426361084,15.3784551620483,11.7732582092285,3.46703696250915,-4.0680718421936,-5.39743232727051,1.49677336215973,25.0628147125244,0.0338934995234013,17.4297389984131,25.8827705383301,88.7612533569336,82.5460662841797,105.900886535645,36.62158203125,98.0882873535156,12.2583322525024,19.4695110321045,8
1998,"KS","CHEYENNE",18900,17800,1680,2005,1990,-101.7311,39.7858,6.53538227081299,8.52365589141846,10.0996932983398,17.2494430541992,25.8785514831543,28.5970191955566,32.4843673706055,31.2257957458496,29.982048034668,19.1772136688232,12.5360498428345,7.18231296539307,-6.79989194869995,-2.62266564369202,-3.78022646903992,0.645689904689789,9.05391120910645,11.3266868591309,17.6810970306396,15.8116207122803,12.687180519104,3.91298627853394,-0.391484409570694,-8.25134944915771,2.59263801574707,19.5652198791504,3.00495505332947,30.3361663818359,73.687255859375,19.8390884399414,157.191772460938,72.0760269165039,20.3129043579102,36.6457328796387,41.4642219543457,1.9598183631897,9
1998,"KS","RAWLINS",7700,7400,1547,2011,1990,-101.0757,39.7852,5.89178276062012,8.74554920196533,9.74174976348877,17.2269134521484,26.640022277832,29.1459922790527,32.9833908081055,31.5553283691406,30.4930114746094,19.8088817596436,12.4509315490723,7.25249195098877,-7.31203317642212,-2.31641030311585,-4.02367448806763,1.18733954429627,8.26543617248535,11.4206323623657,17.7090091705322,16.0271873474121,12.8046703338623,4.49480962753296,0.0791701078414917,-8.39840984344482,1.58927953243256,15.1838359832764,19.2133121490479,33.8043594360352,48.1786994934082,17.8448047637939,218.961013793945,44.0622215270996,29.2796745300293,39.1371269226074,42.6861343383789,4.39730834960938,9
1998,"KS","SHERMAN",29900,28000,1782,2012,1990,-101.72,39.3515,6.17057418823242,7.96073341369629,9.78060817718506,16.438606262207,25.5162677764893,28.6363086700439,31.4987373352051,30.3215827941894,29.5380439758301,19.6695690155029,12.7148838043213,6.46483612060547,-6.46055126190185,-3.04769253730774,-4.20575141906738,0.621921300888062,8.5858678817749,10.6737051010132,17.2194995880127,15.4349317550659,12.2855739593506,3.77459144592285,-0.530059397220612,-8.43097591400146,2.07542157173157,19.9787654876709,5.15673542022705,25.0469264984131,45.0429420471191,35.9273452758789,175.905990600586,45.9868659973145,10.668981552124,42.3041877746582,49.7208671569824,2.46197867393494,9
1998,"KS","THOMAS",8900,8700,1626,2007,1990,-101.0555,39.3509,5.95320796966553,8.57676792144775,9.30910682678223,16.5619697570801,26.0658702850342,29.441011428833,32.2940711975098,31.0821704864502,30.1352958679199,20.5833301544189,13.1731472015381,7.30491781234741,-6.38024044036865,-2.41404485702515,-4.27236604690552,1.3892023563385,8.82743167877197,11.5327835083008,17.9435005187988,16.1280040740967,12.8570013046265,4.69398021697998,0.0489124655723572,-7.54311847686768,1.06610643863678,24.625057220459,19.7236137390137,40.5856018066406,72.8897247314453,38.3954086303711,184.511352539062,59.7490692138672,14.9461765289307,38.713508605957,60.530876159668,3.8246853351593,9
1999,"KS","CHEYENNE",25300,24800,1522,2005,1990,-101.7311,39.7858,8.60179233551025,14.331015586853,13.8858337402344,15.5544872283935,23.1407775878906,28.395788192749,34.0624313354492,31.0739669799805,24.4253063201904,21.3737373352051,17.3920249938965,9.74787330627441,-7.0286693572998,-5.02749490737915,-2.08226680755615,1.65427994728088,7.5680046081543,13.2327938079834,18.0005435943604,16.0507564544678,8.17081165313721,2.05658602714539,-1.649134516716,-5.34476852416992,4.07722520828247,2.59143853187561,22.0487308502197,77.556526184082,56.1067848205566,93.2566375732422,37.8777160644531,129.440231323242,32.8998069763184,6.21093654632568,8.18289470672607,11.788800239563,10
1999,"KS","SHERMAN",47500,45000,1802,2012,1990,-101.72,39.3515,8.23048114776611,13.8537397384644,12.5198659896851,15.1116075515747,22.5227794647217,27.4071769714356,33.0582809448242,30.52516746521,23.6734466552734,21.0566692352295,17.458459854126,9.54791927337646,-7.49989366531372,-5.3007607460022,-2.81505489349365,1.12000823020935,7.18571758270264,12.547251701355,17.4754867553711,15.6153345108032,8.26500701904297,2.30652022361755,-1.4123512506485,-6.31761980056763,9.81021881103516,2.44352626800537,23.2217216491699,84.6287612915039,63.904956817627,125.883293151855,33.1306419372559,137.198745727539,24.5519847869873,0.769607722759247,3.35064911842346,8.18570709228516,10
1999,"KS","THOMAS",13100,13100,1489,2007,1990,-101.0555,39.3509,8.17185020446777,14.2089509963989,12.3387432098389,16.2102108001709,23.5286884307861,27.8312950134277,33.2886123657227,30.9749794006348,25.0506916046143,21.4139156341553,18.3008880615234,10.0817632675171,-7.04942798614502,-4.73589468002319,-3.02125644683838,1.70327162742615,7.43046712875366,12.9208869934082,17.8421173095703,15.6993217468262,8.92998600006104,1.64258396625519,-2.0610466003418,-6.2652268409729,7.15674781799316,0.839682996273041,43.1127738952637,59.1025352478027,34.4793357849121,72.7634353637695,98.5536651611328,157.898910522461,23.6189823150635,3.01914429664612,3.37577629089356,7.95502614974976,10
